"from","to","combined_score","target"
"9606.ENSP00000267803","9606.ENSP00000317997",999,"9606.ENSP00000267803"
"9606.ENSP00000317997","9606.ENSP00000319705",999,"9606.ENSP00000319705"
"9606.ENSP00000263317","9606.ENSP00000317997",992,"9606.ENSP00000263317"
"9606.ENSP00000317997","9606.ENSP00000362057",992,"9606.ENSP00000362057"
"9606.ENSP00000159060","9606.ENSP00000317997",990,"9606.ENSP00000159060"
"9606.ENSP00000317997","9606.ENSP00000367851",986,"9606.ENSP00000367851"
"9606.ENSP00000289473","9606.ENSP00000317997",985,"9606.ENSP00000289473"
"9606.ENSP00000317997","9606.ENSP00000373518",984,"9606.ENSP00000373518"
"9606.ENSP00000261623","9606.ENSP00000317997",980,"9606.ENSP00000261623"
"9606.ENSP00000317997","9606.ENSP00000356505",979,"9606.ENSP00000356505"
"9606.ENSP00000317997","9606.ENSP00000380334",968,"9606.ENSP00000380334"
"9606.ENSP00000317997","9606.ENSP00000373691",962,"9606.ENSP00000373691"
"9606.ENSP00000317997","9606.ENSP00000380450",890,"9606.ENSP00000380450"
"9606.ENSP00000317997","9606.ENSP00000342848",885,"9606.ENSP00000342848"
"9606.ENSP00000249071","9606.ENSP00000317997",784,"9606.ENSP00000249071"
"9606.ENSP00000315006","9606.ENSP00000317997",766,"9606.ENSP00000315006"
"9606.ENSP00000317997","9606.ENSP00000379895",751,"9606.ENSP00000379895"
"9606.ENSP00000261867","9606.ENSP00000317997",732,"9606.ENSP00000261867"
"9606.ENSP00000317997","9606.ENSP00000451828",725,"9606.ENSP00000451828"
"9606.ENSP00000317997","9606.ENSP00000368727",711,"9606.ENSP00000368727"
"9606.ENSP00000317997","9606.ENSP00000348461",672,"9606.ENSP00000348461"
"9606.ENSP00000317997","9606.ENSP00000355627",621,"9606.ENSP00000355627"
"9606.ENSP00000317997","9606.ENSP00000374265",614,"9606.ENSP00000374265"
"9606.ENSP00000317997","9606.ENSP00000475924",612,"9606.ENSP00000475924"
"9606.ENSP00000297494","9606.ENSP00000317997",606,"9606.ENSP00000297494"
"9606.ENSP00000317997","9606.ENSP00000373477",606,"9606.ENSP00000373477"
"9606.ENSP00000317997","9606.ENSP00000392398",603,"9606.ENSP00000392398"
"9606.ENSP00000317997","9606.ENSP00000354581",602,"9606.ENSP00000354581"
"9606.ENSP00000317997","9606.ENSP00000354677",602,"9606.ENSP00000354677"
"9606.ENSP00000317997","9606.ENSP00000423822",602,"9606.ENSP00000423822"
"9606.ENSP00000317997","9606.ENSP00000363641",597,"9606.ENSP00000363641"
"9606.ENSP00000304283","9606.ENSP00000317997",575,"9606.ENSP00000304283"
"9606.ENSP00000317997","9606.ENSP00000339191",564,"9606.ENSP00000339191"
"9606.ENSP00000216117","9606.ENSP00000317997",561,"9606.ENSP00000216117"
"9606.ENSP00000222248","9606.ENSP00000317997",560,"9606.ENSP00000222248"
"9606.ENSP00000317997","9606.ENSP00000369689",559,"9606.ENSP00000369689"
"9606.ENSP00000231751","9606.ENSP00000317997",546,"9606.ENSP00000231751"
"9606.ENSP00000317997","9606.ENSP00000329869",545,"9606.ENSP00000329869"
"9606.ENSP00000262290","9606.ENSP00000317997",533,"9606.ENSP00000262290"
"9606.ENSP00000317997","9606.ENSP00000385675",531,"9606.ENSP00000385675"
"9606.ENSP00000229447","9606.ENSP00000317997",530,"9606.ENSP00000229447"
"9606.ENSP00000263341","9606.ENSP00000317997",527,"9606.ENSP00000263341"
"9606.ENSP00000317997","9606.ENSP00000494017",526,"9606.ENSP00000494017"
"9606.ENSP00000317997","9606.ENSP00000349439",510,"9606.ENSP00000349439"
"9606.ENSP00000317997","9606.ENSP00000380252",509,"9606.ENSP00000380252"
"9606.ENSP00000220616","9606.ENSP00000317997",503,"9606.ENSP00000220616"
"9606.ENSP00000317997","9606.ENSP00000360609",502,"9606.ENSP00000360609"
"9606.ENSP00000317997","9606.ENSP00000335153",497,"9606.ENSP00000335153"
"9606.ENSP00000317997","9606.ENSP00000398698",497,"9606.ENSP00000398698"
"9606.ENSP00000307786","9606.ENSP00000317997",493,"9606.ENSP00000307786"
"9606.ENSP00000272190","9606.ENSP00000317997",488,"9606.ENSP00000272190"
"9606.ENSP00000317997","9606.ENSP00000363089",480,"9606.ENSP00000363089"
"9606.ENSP00000317997","9606.ENSP00000371554",473,"9606.ENSP00000371554"
"9606.ENSP00000270142","9606.ENSP00000317997",460,"9606.ENSP00000270142"
"9606.ENSP00000317997","9606.ENSP00000441235",460,"9606.ENSP00000441235"
"9606.ENSP00000311032","9606.ENSP00000317997",459,"9606.ENSP00000311032"
"9606.ENSP00000317997","9606.ENSP00000360266",456,"9606.ENSP00000360266"
"9606.ENSP00000221130","9606.ENSP00000317997",452,"9606.ENSP00000221130"
"9606.ENSP00000317997","9606.ENSP00000446252",452,"9606.ENSP00000446252"
"9606.ENSP00000317997","9606.ENSP00000442920",451,"9606.ENSP00000442920"
"9606.ENSP00000295897","9606.ENSP00000317997",448,"9606.ENSP00000295897"
"9606.ENSP00000317997","9606.ENSP00000377245",443,"9606.ENSP00000377245"
"9606.ENSP00000317997","9606.ENSP00000417050",443,"9606.ENSP00000417050"
"9606.ENSP00000304643","9606.ENSP00000317997",438,"9606.ENSP00000304643"
"9606.ENSP00000317997","9606.ENSP00000419081",438,"9606.ENSP00000419081"
"9606.ENSP00000008938","9606.ENSP00000317997",437,"9606.ENSP00000008938"
"9606.ENSP00000212015","9606.ENSP00000317997",434,"9606.ENSP00000212015"
"9606.ENSP00000221930","9606.ENSP00000317997",433,"9606.ENSP00000221930"
"9606.ENSP00000317997","9606.ENSP00000380432",432,"9606.ENSP00000380432"
"9606.ENSP00000317997","9606.ENSP00000437955",430,"9606.ENSP00000437955"
"9606.ENSP00000317997","9606.ENSP00000477999",428,"9606.ENSP00000477999"
"9606.ENSP00000317997","9606.ENSP00000351908",426,"9606.ENSP00000351908"
"9606.ENSP00000317997","9606.ENSP00000362680",425,"9606.ENSP00000362680"
"9606.ENSP00000317997","9606.ENSP00000496355",422,"9606.ENSP00000496355"
"9606.ENSP00000190165","9606.ENSP00000317997",421,"9606.ENSP00000190165"
"9606.ENSP00000317997","9606.ENSP00000369314",421,"9606.ENSP00000369314"
"9606.ENSP00000317997","9606.ENSP00000368683",419,"9606.ENSP00000368683"
"9606.ENSP00000317997","9606.ENSP00000494750",419,"9606.ENSP00000494750"
"9606.ENSP00000225831","9606.ENSP00000317997",418,"9606.ENSP00000225831"
"9606.ENSP00000315299","9606.ENSP00000317997",418,"9606.ENSP00000315299"
"9606.ENSP00000317997","9606.ENSP00000398832",418,"9606.ENSP00000398832"
"9606.ENSP00000298375","9606.ENSP00000317997",414,"9606.ENSP00000298375"
"9606.ENSP00000317997","9606.ENSP00000361405",412,"9606.ENSP00000361405"
"9606.ENSP00000317997","9606.ENSP00000380070",412,"9606.ENSP00000380070"
"9606.ENSP00000317997","9606.ENSP00000450244",412,"9606.ENSP00000450244"
"9606.ENSP00000290866","9606.ENSP00000317997",405,"9606.ENSP00000290866"
"9606.ENSP00000317997","9606.ENSP00000438863",402,"9606.ENSP00000438863"
"9606.ENSP00000263025","9606.ENSP00000317997",401,"9606.ENSP00000263025"
"9606.ENSP00000294728","9606.ENSP00000317997",399,"9606.ENSP00000294728"
"9606.ENSP00000317997","9606.ENSP00000483549",398,"9606.ENSP00000483549"
"9606.ENSP00000317997","9606.ENSP00000498321",398,"9606.ENSP00000498321"
"9606.ENSP00000317997","9606.ENSP00000364265",397,"9606.ENSP00000364265"
"9606.ENSP00000229135","9606.ENSP00000317997",396,"9606.ENSP00000229135"
"9606.ENSP00000252486","9606.ENSP00000317997",394,"9606.ENSP00000252486"
"9606.ENSP00000291295","9606.ENSP00000317997",394,"9606.ENSP00000291295"
"9606.ENSP00000263967","9606.ENSP00000317997",393,"9606.ENSP00000263967"
"9606.ENSP00000317997","9606.ENSP00000327251",392,"9606.ENSP00000327251"
"9606.ENSP00000226574","9606.ENSP00000317997",390,"9606.ENSP00000226574"
"9606.ENSP00000317997","9606.ENSP00000319788",390,"9606.ENSP00000319788"
"9606.ENSP00000317997","9606.ENSP00000376154",390,"9606.ENSP00000376154"
"9606.ENSP00000287820","9606.ENSP00000317997",389,"9606.ENSP00000287820"
"9606.ENSP00000317997","9606.ENSP00000355930",388,"9606.ENSP00000355930"
"9606.ENSP00000264832","9606.ENSP00000317997",386,"9606.ENSP00000264832"
"9606.ENSP00000269305","9606.ENSP00000317997",386,"9606.ENSP00000269305"
"9606.ENSP00000317997","9606.ENSP00000346103",382,"9606.ENSP00000346103"
"9606.ENSP00000317997","9606.ENSP00000478886",382,"9606.ENSP00000478886"
"9606.ENSP00000306512","9606.ENSP00000317997",381,"9606.ENSP00000306512"
"9606.ENSP00000275493","9606.ENSP00000317997",380,"9606.ENSP00000275493"
"9606.ENSP00000252245","9606.ENSP00000317997",379,"9606.ENSP00000252245"
"9606.ENSP00000317997","9606.ENSP00000360683",379,"9606.ENSP00000360683"
"9606.ENSP00000317997","9606.ENSP00000394770",379,"9606.ENSP00000394770"
"9606.ENSP00000317997","9606.ENSP00000434435",379,"9606.ENSP00000434435"
"9606.ENSP00000308149","9606.ENSP00000317997",376,"9606.ENSP00000308149"
"9606.ENSP00000317997","9606.ENSP00000359340",375,"9606.ENSP00000359340"
"9606.ENSP00000317997","9606.ENSP00000381185",375,"9606.ENSP00000381185"
"9606.ENSP00000263334","9606.ENSP00000317997",372,"9606.ENSP00000263334"
"9606.ENSP00000280481","9606.ENSP00000317997",371,"9606.ENSP00000280481"
"9606.ENSP00000280357","9606.ENSP00000317997",368,"9606.ENSP00000280357"
"9606.ENSP00000280362","9606.ENSP00000317997",367,"9606.ENSP00000280362"
"9606.ENSP00000205402","9606.ENSP00000317997",366,"9606.ENSP00000205402"
"9606.ENSP00000264669","9606.ENSP00000317997",365,"9606.ENSP00000264669"
"9606.ENSP00000317997","9606.ENSP00000493010",365,"9606.ENSP00000493010"
"9606.ENSP00000317997","9606.ENSP00000361021",358,"9606.ENSP00000361021"
"9606.ENSP00000262746","9606.ENSP00000317997",357,"9606.ENSP00000262746"
"9606.ENSP00000317997","9606.ENSP00000371388",357,"9606.ENSP00000371388"
"9606.ENSP00000260010","9606.ENSP00000317997",355,"9606.ENSP00000260010"
"9606.ENSP00000317997","9606.ENSP00000348132",355,"9606.ENSP00000348132"
"9606.ENSP00000317997","9606.ENSP00000368646",354,"9606.ENSP00000368646"
"9606.ENSP00000225171","9606.ENSP00000317997",353,"9606.ENSP00000225171"
"9606.ENSP00000317997","9606.ENSP00000342392",353,"9606.ENSP00000342392"
"9606.ENSP00000304915","9606.ENSP00000317997",349,"9606.ENSP00000304915"
"9606.ENSP00000264867","9606.ENSP00000317997",348,"9606.ENSP00000264867"
"9606.ENSP00000317997","9606.ENSP00000337383",348,"9606.ENSP00000337383"
"9606.ENSP00000317997","9606.ENSP00000354558",348,"9606.ENSP00000354558"
"9606.ENSP00000231449","9606.ENSP00000317997",347,"9606.ENSP00000231449"
"9606.ENSP00000263339","9606.ENSP00000317997",347,"9606.ENSP00000263339"
"9606.ENSP00000277309","9606.ENSP00000317997",347,"9606.ENSP00000277309"
"9606.ENSP00000309673","9606.ENSP00000317997",347,"9606.ENSP00000309673"
"9606.ENSP00000317997","9606.ENSP00000493299",347,"9606.ENSP00000493299"
"9606.ENSP00000264657","9606.ENSP00000317997",346,"9606.ENSP00000264657"
"9606.ENSP00000317997","9606.ENSP00000434516",346,"9606.ENSP00000434516"
"9606.ENSP00000216185","9606.ENSP00000317997",342,"9606.ENSP00000216185"
"9606.ENSP00000317997","9606.ENSP00000349181",340,"9606.ENSP00000349181"
"9606.ENSP00000317997","9606.ENSP00000499717",339,"9606.ENSP00000499717"
"9606.ENSP00000265462","9606.ENSP00000317997",338,"9606.ENSP00000265462"
"9606.ENSP00000317997","9606.ENSP00000332111",338,"9606.ENSP00000332111"
"9606.ENSP00000317997","9606.ENSP00000403932",338,"9606.ENSP00000403932"
"9606.ENSP00000317997","9606.ENSP00000499797",338,"9606.ENSP00000499797"
"9606.ENSP00000317997","9606.ENSP00000433138",337,"9606.ENSP00000433138"
"9606.ENSP00000317997","9606.ENSP00000400175",334,"9606.ENSP00000400175"
"9606.ENSP00000309591","9606.ENSP00000317997",333,"9606.ENSP00000309591"
"9606.ENSP00000302100","9606.ENSP00000317997",331,"9606.ENSP00000302100"
"9606.ENSP00000317997","9606.ENSP00000366488",331,"9606.ENSP00000366488"
"9606.ENSP00000317997","9606.ENSP00000412237",329,"9606.ENSP00000412237"
"9606.ENSP00000317997","9606.ENSP00000354554",328,"9606.ENSP00000354554"
"9606.ENSP00000317997","9606.ENSP00000359719",328,"9606.ENSP00000359719"
"9606.ENSP00000317997","9606.ENSP00000431049",328,"9606.ENSP00000431049"
"9606.ENSP00000003084","9606.ENSP00000317997",326,"9606.ENSP00000003084"
"9606.ENSP00000265171","9606.ENSP00000317997",325,"9606.ENSP00000265171"
"9606.ENSP00000317997","9606.ENSP00000377192",324,"9606.ENSP00000377192"
"9606.ENSP00000317997","9606.ENSP00000399805",322,"9606.ENSP00000399805"
"9606.ENSP00000317997","9606.ENSP00000356410",321,"9606.ENSP00000356410"
"9606.ENSP00000317997","9606.ENSP00000346839",320,"9606.ENSP00000346839"
"9606.ENSP00000309714","9606.ENSP00000317997",318,"9606.ENSP00000309714"
"9606.ENSP00000317997","9606.ENSP00000497784",318,"9606.ENSP00000497784"
"9606.ENSP00000298510","9606.ENSP00000317997",316,"9606.ENSP00000298510"
"9606.ENSP00000242776","9606.ENSP00000317997",315,"9606.ENSP00000242776"
"9606.ENSP00000317997","9606.ENSP00000370842",315,"9606.ENSP00000370842"
"9606.ENSP00000317997","9606.ENSP00000364210",314,"9606.ENSP00000364210"
"9606.ENSP00000295256","9606.ENSP00000317997",313,"9606.ENSP00000295256"
"9606.ENSP00000216797","9606.ENSP00000317997",311,"9606.ENSP00000216797"
"9606.ENSP00000317997","9606.ENSP00000345347",311,"9606.ENSP00000345347"
"9606.ENSP00000317997","9606.ENSP00000485659",311,"9606.ENSP00000485659"
"9606.ENSP00000317997","9606.ENSP00000465734",310,"9606.ENSP00000465734"
"9606.ENSP00000310623","9606.ENSP00000317997",308,"9606.ENSP00000310623"
"9606.ENSP00000317997","9606.ENSP00000376637",308,"9606.ENSP00000376637"
"9606.ENSP00000317997","9606.ENSP00000377668",307,"9606.ENSP00000377668"
"9606.ENSP00000231004","9606.ENSP00000317997",306,"9606.ENSP00000231004"
"9606.ENSP00000317997","9606.ENSP00000360268",306,"9606.ENSP00000360268"
"9606.ENSP00000317997","9606.ENSP00000383365",306,"9606.ENSP00000383365"
"9606.ENSP00000317997","9606.ENSP00000325203",305,"9606.ENSP00000325203"
"9606.ENSP00000317997","9606.ENSP00000346879",302,"9606.ENSP00000346879"
"9606.ENSP00000317997","9606.ENSP00000365227",302,"9606.ENSP00000365227"
"9606.ENSP00000317997","9606.ENSP00000473348",302,"9606.ENSP00000473348"
"9606.ENSP00000317997","9606.ENSP00000330237",301,"9606.ENSP00000330237"
"9606.ENSP00000317997","9606.ENSP00000405950",301,"9606.ENSP00000405950"
"9606.ENSP00000317997","9606.ENSP00000440689",298,"9606.ENSP00000440689"
"9606.ENSP00000219070","9606.ENSP00000317997",297,"9606.ENSP00000219070"
"9606.ENSP00000317997","9606.ENSP00000497968",297,"9606.ENSP00000497968"
"9606.ENSP00000317997","9606.ENSP00000414856",295,"9606.ENSP00000414856"
"9606.ENSP00000317997","9606.ENSP00000462521",295,"9606.ENSP00000462521"
"9606.ENSP00000317997","9606.ENSP00000391490",294,"9606.ENSP00000391490"
"9606.ENSP00000317997","9606.ENSP00000451419",294,"9606.ENSP00000451419"
"9606.ENSP00000255030","9606.ENSP00000317997",293,"9606.ENSP00000255030"
"9606.ENSP00000264613","9606.ENSP00000317997",292,"9606.ENSP00000264613"
"9606.ENSP00000317997","9606.ENSP00000356954",291,"9606.ENSP00000356954"
"9606.ENSP00000317997","9606.ENSP00000410926",291,"9606.ENSP00000410926"
"9606.ENSP00000317997","9606.ENSP00000378974",289,"9606.ENSP00000378974"
"9606.ENSP00000317997","9606.ENSP00000413479",288,"9606.ENSP00000413479"
"9606.ENSP00000317997","9606.ENSP00000331736",286,"9606.ENSP00000331736"
"9606.ENSP00000317997","9606.ENSP00000445340",285,"9606.ENSP00000445340"
"9606.ENSP00000300589","9606.ENSP00000317997",284,"9606.ENSP00000300589"
"9606.ENSP00000317997","9606.ENSP00000319096",284,"9606.ENSP00000319096"
"9606.ENSP00000317997","9606.ENSP00000499695",284,"9606.ENSP00000499695"
"9606.ENSP00000317997","9606.ENSP00000342026",283,"9606.ENSP00000342026"
"9606.ENSP00000317997","9606.ENSP00000341165",282,"9606.ENSP00000341165"
"9606.ENSP00000317997","9606.ENSP00000381607",282,"9606.ENSP00000381607"
"9606.ENSP00000317997","9606.ENSP00000470969",282,"9606.ENSP00000470969"
"9606.ENSP00000219596","9606.ENSP00000317997",281,"9606.ENSP00000219596"
"9606.ENSP00000302961","9606.ENSP00000317997",281,"9606.ENSP00000302961"
"9606.ENSP00000223095","9606.ENSP00000317997",280,"9606.ENSP00000223095"
"9606.ENSP00000317997","9606.ENSP00000358695",276,"9606.ENSP00000358695"
"9606.ENSP00000251535","9606.ENSP00000317997",275,"9606.ENSP00000251535"
"9606.ENSP00000309124","9606.ENSP00000317997",275,"9606.ENSP00000309124"
"9606.ENSP00000317997","9606.ENSP00000350815",275,"9606.ENSP00000350815"
"9606.ENSP00000317997","9606.ENSP00000324173",274,"9606.ENSP00000324173"
"9606.ENSP00000317997","9606.ENSP00000363512",274,"9606.ENSP00000363512"
"9606.ENSP00000011653","9606.ENSP00000317997",272,"9606.ENSP00000011653"
"9606.ENSP00000317997","9606.ENSP00000401445",271,"9606.ENSP00000401445"
"9606.ENSP00000317997","9606.ENSP00000368066",270,"9606.ENSP00000368066"
"9606.ENSP00000317997","9606.ENSP00000372191",270,"9606.ENSP00000372191"
"9606.ENSP00000317997","9606.ENSP00000324806",269,"9606.ENSP00000324806"
"9606.ENSP00000261405","9606.ENSP00000317997",268,"9606.ENSP00000261405"
"9606.ENSP00000272324","9606.ENSP00000317997",268,"9606.ENSP00000272324"
"9606.ENSP00000317997","9606.ENSP00000385763",268,"9606.ENSP00000385763"
"9606.ENSP00000301522","9606.ENSP00000317997",267,"9606.ENSP00000301522"
"9606.ENSP00000317997","9606.ENSP00000497574",267,"9606.ENSP00000497574"
"9606.ENSP00000252804","9606.ENSP00000317997",266,"9606.ENSP00000252804"
"9606.ENSP00000317997","9606.ENSP00000371398",266,"9606.ENSP00000371398"
"9606.ENSP00000306245","9606.ENSP00000317997",265,"9606.ENSP00000306245"
"9606.ENSP00000317997","9606.ENSP00000348215",265,"9606.ENSP00000348215"
"9606.ENSP00000317997","9606.ENSP00000428924",265,"9606.ENSP00000428924"
"9606.ENSP00000317997","9606.ENSP00000349446",264,"9606.ENSP00000349446"
"9606.ENSP00000317997","9606.ENSP00000358072",264,"9606.ENSP00000358072"
"9606.ENSP00000317997","9606.ENSP00000418813",264,"9606.ENSP00000418813"
"9606.ENSP00000309968","9606.ENSP00000317997",263,"9606.ENSP00000309968"
"9606.ENSP00000317997","9606.ENSP00000415743",263,"9606.ENSP00000415743"
"9606.ENSP00000317997","9606.ENSP00000432412",263,"9606.ENSP00000432412"
"9606.ENSP00000263686","9606.ENSP00000317997",262,"9606.ENSP00000263686"
"9606.ENSP00000317997","9606.ENSP00000328137",262,"9606.ENSP00000328137"
"9606.ENSP00000317997","9606.ENSP00000339527",260,"9606.ENSP00000339527"
"9606.ENSP00000317997","9606.ENSP00000348645",260,"9606.ENSP00000348645"
"9606.ENSP00000317997","9606.ENSP00000361761",259,"9606.ENSP00000361761"
"9606.ENSP00000225275","9606.ENSP00000317997",258,"9606.ENSP00000225275"
"9606.ENSP00000261693","9606.ENSP00000317997",258,"9606.ENSP00000261693"
"9606.ENSP00000317997","9606.ENSP00000335091",258,"9606.ENSP00000335091"
"9606.ENSP00000317997","9606.ENSP00000354394",258,"9606.ENSP00000354394"
"9606.ENSP00000317997","9606.ENSP00000389326",258,"9606.ENSP00000389326"
"9606.ENSP00000317997","9606.ENSP00000345083",257,"9606.ENSP00000345083"
"9606.ENSP00000244043","9606.ENSP00000317997",256,"9606.ENSP00000244043"
"9606.ENSP00000264896","9606.ENSP00000317997",256,"9606.ENSP00000264896"
"9606.ENSP00000317997","9606.ENSP00000378364",256,"9606.ENSP00000378364"
"9606.ENSP00000317997","9606.ENSP00000351807",254,"9606.ENSP00000351807"
"9606.ENSP00000317997","9606.ENSP00000389814",254,"9606.ENSP00000389814"
"9606.ENSP00000272067","9606.ENSP00000317997",253,"9606.ENSP00000272067"
"9606.ENSP00000317997","9606.ENSP00000367309",253,"9606.ENSP00000367309"
"9606.ENSP00000317997","9606.ENSP00000430684",253,"9606.ENSP00000430684"
"9606.ENSP00000317997","9606.ENSP00000497733",253,"9606.ENSP00000497733"
"9606.ENSP00000317997","9606.ENSP00000356438",252,"9606.ENSP00000356438"
"9606.ENSP00000317997","9606.ENSP00000356694",252,"9606.ENSP00000356694"
"9606.ENSP00000312652","9606.ENSP00000317997",251,"9606.ENSP00000312652"
"9606.ENSP00000229795","9606.ENSP00000317997",250,"9606.ENSP00000229795"
"9606.ENSP00000256682","9606.ENSP00000317997",250,"9606.ENSP00000256682"
"9606.ENSP00000317997","9606.ENSP00000386559",250,"9606.ENSP00000386559"
"9606.ENSP00000317997","9606.ENSP00000495360",250,"9606.ENSP00000495360"
"9606.ENSP00000262160","9606.ENSP00000317997",249,"9606.ENSP00000262160"
"9606.ENSP00000307235","9606.ENSP00000317997",249,"9606.ENSP00000307235"
"9606.ENSP00000317997","9606.ENSP00000385523",248,"9606.ENSP00000385523"
"9606.ENSP00000317997","9606.ENSP00000333685",247,"9606.ENSP00000333685"
"9606.ENSP00000317997","9606.ENSP00000466090",247,"9606.ENSP00000466090"
"9606.ENSP00000260970","9606.ENSP00000317997",245,"9606.ENSP00000260970"
"9606.ENSP00000317997","9606.ENSP00000352835",245,"9606.ENSP00000352835"
"9606.ENSP00000317997","9606.ENSP00000332973",244,"9606.ENSP00000332973"
"9606.ENSP00000317997","9606.ENSP00000358723",244,"9606.ENSP00000358723"
"9606.ENSP00000317997","9606.ENSP00000493985",244,"9606.ENSP00000493985"
"9606.ENSP00000264414","9606.ENSP00000317997",243,"9606.ENSP00000264414"
"9606.ENSP00000253354","9606.ENSP00000317997",242,"9606.ENSP00000253354"
"9606.ENSP00000239223","9606.ENSP00000317997",241,"9606.ENSP00000239223"
"9606.ENSP00000317997","9606.ENSP00000371067",241,"9606.ENSP00000371067"
"9606.ENSP00000317997","9606.ENSP00000387699",241,"9606.ENSP00000387699"
"9606.ENSP00000279488","9606.ENSP00000317997",240,"9606.ENSP00000279488"
"9606.ENSP00000293761","9606.ENSP00000317997",240,"9606.ENSP00000293761"
"9606.ENSP00000317997","9606.ENSP00000340684",240,"9606.ENSP00000340684"
"9606.ENSP00000317997","9606.ENSP00000355759",240,"9606.ENSP00000355759"
"9606.ENSP00000317997","9606.ENSP00000477572",240,"9606.ENSP00000477572"
"9606.ENSP00000317997","9606.ENSP00000365230",239,"9606.ENSP00000365230"
"9606.ENSP00000317997","9606.ENSP00000384273",239,"9606.ENSP00000384273"
"9606.ENSP00000211287","9606.ENSP00000317997",238,"9606.ENSP00000211287"
"9606.ENSP00000317997","9606.ENSP00000351273",238,"9606.ENSP00000351273"
"9606.ENSP00000317997","9606.ENSP00000433623",238,"9606.ENSP00000433623"
"9606.ENSP00000317997","9606.ENSP00000458585",238,"9606.ENSP00000458585"
"9606.ENSP00000317997","9606.ENSP00000362108",237,"9606.ENSP00000362108"
"9606.ENSP00000317997","9606.ENSP00000368880",237,"9606.ENSP00000368880"
"9606.ENSP00000317997","9606.ENSP00000347379",236,"9606.ENSP00000347379"
"9606.ENSP00000317997","9606.ENSP00000484824",236,"9606.ENSP00000484824"
"9606.ENSP00000256078","9606.ENSP00000317997",235,"9606.ENSP00000256078"
"9606.ENSP00000296871","9606.ENSP00000317997",233,"9606.ENSP00000296871"
"9606.ENSP00000317997","9606.ENSP00000345728",233,"9606.ENSP00000345728"
"9606.ENSP00000317997","9606.ENSP00000378408",233,"9606.ENSP00000378408"
"9606.ENSP00000215659","9606.ENSP00000317997",232,"9606.ENSP00000215659"
"9606.ENSP00000317997","9606.ENSP00000408695",232,"9606.ENSP00000408695"
"9606.ENSP00000297991","9606.ENSP00000317997",231,"9606.ENSP00000297991"
"9606.ENSP00000311005","9606.ENSP00000317997",231,"9606.ENSP00000311005"
"9606.ENSP00000317997","9606.ENSP00000355231",231,"9606.ENSP00000355231"
"9606.ENSP00000216274","9606.ENSP00000317997",230,"9606.ENSP00000216274"
"9606.ENSP00000295025","9606.ENSP00000317997",230,"9606.ENSP00000295025"
"9606.ENSP00000296511","9606.ENSP00000317997",230,"9606.ENSP00000296511"
"9606.ENSP00000296795","9606.ENSP00000317997",230,"9606.ENSP00000296795"
"9606.ENSP00000317997","9606.ENSP00000320935",230,"9606.ENSP00000320935"
"9606.ENSP00000317997","9606.ENSP00000358513",230,"9606.ENSP00000358513"
"9606.ENSP00000317997","9606.ENSP00000358997",230,"9606.ENSP00000358997"
"9606.ENSP00000317997","9606.ENSP00000381026",230,"9606.ENSP00000381026"
"9606.ENSP00000317997","9606.ENSP00000404131",230,"9606.ENSP00000404131"
"9606.ENSP00000317997","9606.ENSP00000365014",229,"9606.ENSP00000365014"
"9606.ENSP00000317997","9606.ENSP00000474412",229,"9606.ENSP00000474412"
"9606.ENSP00000222381","9606.ENSP00000317997",228,"9606.ENSP00000222381"
"9606.ENSP00000317997","9606.ENSP00000364898",228,"9606.ENSP00000364898"
"9606.ENSP00000219660","9606.ENSP00000317997",227,"9606.ENSP00000219660"
"9606.ENSP00000271651","9606.ENSP00000317997",227,"9606.ENSP00000271651"
"9606.ENSP00000317997","9606.ENSP00000356436",227,"9606.ENSP00000356436"
"9606.ENSP00000317997","9606.ENSP00000364204",227,"9606.ENSP00000364204"
"9606.ENSP00000317997","9606.ENSP00000379042",227,"9606.ENSP00000379042"
"9606.ENSP00000317997","9606.ENSP00000379904",227,"9606.ENSP00000379904"
"9606.ENSP00000317997","9606.ENSP00000352516",226,"9606.ENSP00000352516"
"9606.ENSP00000317997","9606.ENSP00000360411",226,"9606.ENSP00000360411"
"9606.ENSP00000216200","9606.ENSP00000317997",225,"9606.ENSP00000216200"
"9606.ENSP00000227507","9606.ENSP00000317997",225,"9606.ENSP00000227507"
"9606.ENSP00000250535","9606.ENSP00000317997",223,"9606.ENSP00000250535"
"9606.ENSP00000263734","9606.ENSP00000317997",223,"9606.ENSP00000263734"
"9606.ENSP00000317997","9606.ENSP00000345751",223,"9606.ENSP00000345751"
"9606.ENSP00000317997","9606.ENSP00000363191",223,"9606.ENSP00000363191"
"9606.ENSP00000317997","9606.ENSP00000407586",223,"9606.ENSP00000407586"
"9606.ENSP00000317997","9606.ENSP00000441828",223,"9606.ENSP00000441828"
"9606.ENSP00000233202","9606.ENSP00000317997",222,"9606.ENSP00000233202"
"9606.ENSP00000300134","9606.ENSP00000317997",222,"9606.ENSP00000300134"
"9606.ENSP00000309504","9606.ENSP00000317997",222,"9606.ENSP00000309504"
"9606.ENSP00000317997","9606.ENSP00000448165",222,"9606.ENSP00000448165"
"9606.ENSP00000237264","9606.ENSP00000317997",221,"9606.ENSP00000237264"
"9606.ENSP00000254301","9606.ENSP00000317997",221,"9606.ENSP00000254301"
"9606.ENSP00000261514","9606.ENSP00000317997",221,"9606.ENSP00000261514"
"9606.ENSP00000273550","9606.ENSP00000317997",221,"9606.ENSP00000273550"
"9606.ENSP00000317997","9606.ENSP00000356919",221,"9606.ENSP00000356919"
"9606.ENSP00000261783","9606.ENSP00000317997",220,"9606.ENSP00000261783"
"9606.ENSP00000278616","9606.ENSP00000317997",220,"9606.ENSP00000278616"
"9606.ENSP00000317997","9606.ENSP00000322788",220,"9606.ENSP00000322788"
"9606.ENSP00000317997","9606.ENSP00000369320",220,"9606.ENSP00000369320"
"9606.ENSP00000317997","9606.ENSP00000411355",220,"9606.ENSP00000411355"
"9606.ENSP00000317997","9606.ENSP00000460475",220,"9606.ENSP00000460475"
"9606.ENSP00000317997","9606.ENSP00000489597",220,"9606.ENSP00000489597"
"9606.ENSP00000250092","9606.ENSP00000317997",219,"9606.ENSP00000250092"
"9606.ENSP00000285930","9606.ENSP00000317997",219,"9606.ENSP00000285930"
"9606.ENSP00000317997","9606.ENSP00000353608",219,"9606.ENSP00000353608"
"9606.ENSP00000317997","9606.ENSP00000363596",219,"9606.ENSP00000363596"
"9606.ENSP00000216714","9606.ENSP00000317997",218,"9606.ENSP00000216714"
"9606.ENSP00000225174","9606.ENSP00000317997",218,"9606.ENSP00000225174"
"9606.ENSP00000317997","9606.ENSP00000352252",218,"9606.ENSP00000352252"
"9606.ENSP00000215832","9606.ENSP00000317997",217,"9606.ENSP00000215832"
"9606.ENSP00000254810","9606.ENSP00000317997",217,"9606.ENSP00000254810"
"9606.ENSP00000317997","9606.ENSP00000333277",217,"9606.ENSP00000333277"
"9606.ENSP00000317997","9606.ENSP00000339835",217,"9606.ENSP00000339835"
"9606.ENSP00000317997","9606.ENSP00000355657",217,"9606.ENSP00000355657"
"9606.ENSP00000317997","9606.ENSP00000361004",217,"9606.ENSP00000361004"
"9606.ENSP00000317997","9606.ENSP00000414303",217,"9606.ENSP00000414303"
"9606.ENSP00000317997","9606.ENSP00000499501",217,"9606.ENSP00000499501"
"9606.ENSP00000261769","9606.ENSP00000317997",216,"9606.ENSP00000261769"
"9606.ENSP00000262209","9606.ENSP00000317997",216,"9606.ENSP00000262209"
"9606.ENSP00000313699","9606.ENSP00000317997",216,"9606.ENSP00000313699"
"9606.ENSP00000317997","9606.ENSP00000353393",216,"9606.ENSP00000353393"
"9606.ENSP00000317997","9606.ENSP00000356771",216,"9606.ENSP00000356771"
"9606.ENSP00000317997","9606.ENSP00000361423",216,"9606.ENSP00000361423"
"9606.ENSP00000317997","9606.ENSP00000430620",216,"9606.ENSP00000430620"
"9606.ENSP00000317997","9606.ENSP00000358335",215,"9606.ENSP00000358335"
"9606.ENSP00000317997","9606.ENSP00000376943",214,"9606.ENSP00000376943"
"9606.ENSP00000317997","9606.ENSP00000416293",214,"9606.ENSP00000416293"
"9606.ENSP00000264663","9606.ENSP00000317997",213,"9606.ENSP00000264663"
"9606.ENSP00000317997","9606.ENSP00000449089",213,"9606.ENSP00000449089"
"9606.ENSP00000317997","9606.ENSP00000457421",213,"9606.ENSP00000457421"
"9606.ENSP00000317997","9606.ENSP00000478887",213,"9606.ENSP00000478887"
"9606.ENSP00000317997","9606.ENSP00000499900",213,"9606.ENSP00000499900"
"9606.ENSP00000317997","9606.ENSP00000343129",212,"9606.ENSP00000343129"
"9606.ENSP00000317997","9606.ENSP00000359424",212,"9606.ENSP00000359424"
"9606.ENSP00000220003","9606.ENSP00000317997",211,"9606.ENSP00000220003"
"9606.ENSP00000244050","9606.ENSP00000317997",211,"9606.ENSP00000244050"
"9606.ENSP00000162749","9606.ENSP00000317997",210,"9606.ENSP00000162749"
"9606.ENSP00000215754","9606.ENSP00000317997",210,"9606.ENSP00000215754"
"9606.ENSP00000226730","9606.ENSP00000317997",210,"9606.ENSP00000226730"
"9606.ENSP00000269051","9606.ENSP00000317997",210,"9606.ENSP00000269051"
"9606.ENSP00000269571","9606.ENSP00000317997",210,"9606.ENSP00000269571"
"9606.ENSP00000317997","9606.ENSP00000381775",210,"9606.ENSP00000381775"
"9606.ENSP00000317997","9606.ENSP00000496959",210,"9606.ENSP00000496959"
"9606.ENSP00000304895","9606.ENSP00000317997",209,"9606.ENSP00000304895"
"9606.ENSP00000317997","9606.ENSP00000363832",209,"9606.ENSP00000363832"
"9606.ENSP00000216037","9606.ENSP00000317997",208,"9606.ENSP00000216037"
"9606.ENSP00000262395","9606.ENSP00000317997",208,"9606.ENSP00000262395"
"9606.ENSP00000317997","9606.ENSP00000367830",208,"9606.ENSP00000367830"
"9606.ENSP00000317997","9606.ENSP00000387662",208,"9606.ENSP00000387662"
"9606.ENSP00000222823","9606.ENSP00000317997",207,"9606.ENSP00000222823"
"9606.ENSP00000292301","9606.ENSP00000317997",207,"9606.ENSP00000292301"
"9606.ENSP00000292896","9606.ENSP00000317997",207,"9606.ENSP00000292896"
"9606.ENSP00000317997","9606.ENSP00000355533",207,"9606.ENSP00000355533"
"9606.ENSP00000317997","9606.ENSP00000381231",207,"9606.ENSP00000381231"
"9606.ENSP00000317997","9606.ENSP00000405424",207,"9606.ENSP00000405424"
"9606.ENSP00000317997","9606.ENSP00000433209",207,"9606.ENSP00000433209"
"9606.ENSP00000317997","9606.ENSP00000485527",207,"9606.ENSP00000485527"
"9606.ENSP00000301305","9606.ENSP00000317997",206,"9606.ENSP00000301305"
"9606.ENSP00000311469","9606.ENSP00000317997",206,"9606.ENSP00000311469"
"9606.ENSP00000317997","9606.ENSP00000362353",206,"9606.ENSP00000362353"
"9606.ENSP00000317997","9606.ENSP00000497290",206,"9606.ENSP00000497290"
"9606.ENSP00000220809","9606.ENSP00000317997",205,"9606.ENSP00000220809"
"9606.ENSP00000252723","9606.ENSP00000317997",205,"9606.ENSP00000252723"
"9606.ENSP00000263923","9606.ENSP00000317997",205,"9606.ENSP00000263923"
"9606.ENSP00000317997","9606.ENSP00000368632",205,"9606.ENSP00000368632"
"9606.ENSP00000284981","9606.ENSP00000317997",204,"9606.ENSP00000284981"
"9606.ENSP00000317997","9606.ENSP00000350199",204,"9606.ENSP00000350199"
"9606.ENSP00000317997","9606.ENSP00000379110",204,"9606.ENSP00000379110"
"9606.ENSP00000317997","9606.ENSP00000401303",204,"9606.ENSP00000401303"
"9606.ENSP00000317997","9606.ENSP00000448665",204,"9606.ENSP00000448665"
"9606.ENSP00000218388","9606.ENSP00000317997",203,"9606.ENSP00000218388"
"9606.ENSP00000317997","9606.ENSP00000334145",203,"9606.ENSP00000334145"
"9606.ENSP00000317997","9606.ENSP00000361359",203,"9606.ENSP00000361359"
"9606.ENSP00000317997","9606.ENSP00000403768",203,"9606.ENSP00000403768"
"9606.ENSP00000317997","9606.ENSP00000468032",203,"9606.ENSP00000468032"
"9606.ENSP00000234420","9606.ENSP00000317997",202,"9606.ENSP00000234420"
"9606.ENSP00000302486","9606.ENSP00000317997",202,"9606.ENSP00000302486"
"9606.ENSP00000317997","9606.ENSP00000359258",202,"9606.ENSP00000359258"
"9606.ENSP00000317997","9606.ENSP00000370034",202,"9606.ENSP00000370034"
"9606.ENSP00000317997","9606.ENSP00000420588",202,"9606.ENSP00000420588"
"9606.ENSP00000280612","9606.ENSP00000317997",201,"9606.ENSP00000280612"
"9606.ENSP00000317997","9606.ENSP00000350425",201,"9606.ENSP00000350425"
"9606.ENSP00000317997","9606.ENSP00000360561",201,"9606.ENSP00000360561"
"9606.ENSP00000317997","9606.ENSP00000365380",201,"9606.ENSP00000365380"
"9606.ENSP00000228476","9606.ENSP00000317997",200,"9606.ENSP00000228476"
"9606.ENSP00000269216","9606.ENSP00000317997",200,"9606.ENSP00000269216"
"9606.ENSP00000317997","9606.ENSP00000346671",200,"9606.ENSP00000346671"
"9606.ENSP00000317997","9606.ENSP00000357981",200,"9606.ENSP00000357981"
"9606.ENSP00000317997","9606.ENSP00000358525",200,"9606.ENSP00000358525"
"9606.ENSP00000317997","9606.ENSP00000360216",200,"9606.ENSP00000360216"
"9606.ENSP00000317997","9606.ENSP00000436812",200,"9606.ENSP00000436812"
"9606.ENSP00000221452","9606.ENSP00000317997",199,"9606.ENSP00000221452"
"9606.ENSP00000264498","9606.ENSP00000317997",199,"9606.ENSP00000264498"
"9606.ENSP00000264637","9606.ENSP00000317997",199,"9606.ENSP00000264637"
"9606.ENSP00000317997","9606.ENSP00000348416",199,"9606.ENSP00000348416"
"9606.ENSP00000317997","9606.ENSP00000353874",199,"9606.ENSP00000353874"
"9606.ENSP00000317997","9606.ENSP00000365663",199,"9606.ENSP00000365663"
"9606.ENSP00000233057","9606.ENSP00000317997",198,"9606.ENSP00000233057"
"9606.ENSP00000262623","9606.ENSP00000317997",198,"9606.ENSP00000262623"
"9606.ENSP00000264110","9606.ENSP00000317997",198,"9606.ENSP00000264110"
"9606.ENSP00000317997","9606.ENSP00000337335",198,"9606.ENSP00000337335"
"9606.ENSP00000317997","9606.ENSP00000355601",198,"9606.ENSP00000355601"
"9606.ENSP00000317997","9606.ENSP00000369213",198,"9606.ENSP00000369213"
"9606.ENSP00000317997","9606.ENSP00000379111",198,"9606.ENSP00000379111"
"9606.ENSP00000317997","9606.ENSP00000385477",198,"9606.ENSP00000385477"
"9606.ENSP00000317997","9606.ENSP00000386884",198,"9606.ENSP00000386884"
"9606.ENSP00000293288","9606.ENSP00000317997",197,"9606.ENSP00000293288"
"9606.ENSP00000297436","9606.ENSP00000317997",197,"9606.ENSP00000297436"
"9606.ENSP00000317997","9606.ENSP00000340278",197,"9606.ENSP00000340278"
"9606.ENSP00000317997","9606.ENSP00000430269",197,"9606.ENSP00000430269"
"9606.ENSP00000231454","9606.ENSP00000317997",196,"9606.ENSP00000231454"
"9606.ENSP00000242839","9606.ENSP00000317997",196,"9606.ENSP00000242839"
"9606.ENSP00000262865","9606.ENSP00000317997",196,"9606.ENSP00000262865"
"9606.ENSP00000317997","9606.ENSP00000356864",196,"9606.ENSP00000356864"
"9606.ENSP00000317997","9606.ENSP00000360316",196,"9606.ENSP00000360316"
"9606.ENSP00000317997","9606.ENSP00000364597",196,"9606.ENSP00000364597"
"9606.ENSP00000317997","9606.ENSP00000378488",196,"9606.ENSP00000378488"
"9606.ENSP00000317997","9606.ENSP00000435712",196,"9606.ENSP00000435712"
"9606.ENSP00000259808","9606.ENSP00000317997",195,"9606.ENSP00000259808"
"9606.ENSP00000303206","9606.ENSP00000317997",195,"9606.ENSP00000303206"
"9606.ENSP00000317997","9606.ENSP00000323740",195,"9606.ENSP00000323740"
"9606.ENSP00000317997","9606.ENSP00000351484",195,"9606.ENSP00000351484"
"9606.ENSP00000317997","9606.ENSP00000352608",195,"9606.ENSP00000352608"
"9606.ENSP00000218548","9606.ENSP00000317997",194,"9606.ENSP00000218548"
"9606.ENSP00000317997","9606.ENSP00000347454",194,"9606.ENSP00000347454"
"9606.ENSP00000317997","9606.ENSP00000490083",194,"9606.ENSP00000490083"
"9606.ENSP00000217086","9606.ENSP00000317997",193,"9606.ENSP00000217086"
"9606.ENSP00000251020","9606.ENSP00000317997",193,"9606.ENSP00000251020"
"9606.ENSP00000256592","9606.ENSP00000317997",193,"9606.ENSP00000256592"
"9606.ENSP00000317997","9606.ENSP00000434343",193,"9606.ENSP00000434343"
"9606.ENSP00000317997","9606.ENSP00000441823",193,"9606.ENSP00000441823"
"9606.ENSP00000295006","9606.ENSP00000317997",192,"9606.ENSP00000295006"
"9606.ENSP00000317997","9606.ENSP00000353731",192,"9606.ENSP00000353731"
"9606.ENSP00000299855","9606.ENSP00000317997",191,"9606.ENSP00000299855"
"9606.ENSP00000317997","9606.ENSP00000354335",191,"9606.ENSP00000354335"
"9606.ENSP00000317997","9606.ENSP00000360991",191,"9606.ENSP00000360991"
"9606.ENSP00000317997","9606.ENSP00000393392",191,"9606.ENSP00000393392"
"9606.ENSP00000317997","9606.ENSP00000421339",191,"9606.ENSP00000421339"
"9606.ENSP00000284382","9606.ENSP00000317997",190,"9606.ENSP00000284382"
"9606.ENSP00000302569","9606.ENSP00000317997",190,"9606.ENSP00000302569"
"9606.ENSP00000310305","9606.ENSP00000317997",190,"9606.ENSP00000310305"
"9606.ENSP00000317997","9606.ENSP00000366898",190,"9606.ENSP00000366898"
"9606.ENSP00000317997","9606.ENSP00000477908",190,"9606.ENSP00000477908"
"9606.ENSP00000216254","9606.ENSP00000317997",189,"9606.ENSP00000216254"
"9606.ENSP00000234701","9606.ENSP00000317997",189,"9606.ENSP00000234701"
"9606.ENSP00000258955","9606.ENSP00000317997",189,"9606.ENSP00000258955"
"9606.ENSP00000317997","9606.ENSP00000327943",189,"9606.ENSP00000327943"
"9606.ENSP00000317997","9606.ENSP00000360242",189,"9606.ENSP00000360242"
"9606.ENSP00000317997","9606.ENSP00000360973",189,"9606.ENSP00000360973"
"9606.ENSP00000317997","9606.ENSP00000414517",189,"9606.ENSP00000414517"
"9606.ENSP00000317997","9606.ENSP00000419060",189,"9606.ENSP00000419060"
"9606.ENSP00000305372","9606.ENSP00000317997",188,"9606.ENSP00000305372"
"9606.ENSP00000317997","9606.ENSP00000346990",188,"9606.ENSP00000346990"
"9606.ENSP00000317997","9606.ENSP00000363435",188,"9606.ENSP00000363435"
"9606.ENSP00000317997","9606.ENSP00000405330",188,"9606.ENSP00000405330"
"9606.ENSP00000317997","9606.ENSP00000478561",188,"9606.ENSP00000478561"
"9606.ENSP00000233954","9606.ENSP00000317997",187,"9606.ENSP00000233954"
"9606.ENSP00000262726","9606.ENSP00000317997",187,"9606.ENSP00000262726"
"9606.ENSP00000267843","9606.ENSP00000317997",187,"9606.ENSP00000267843"
"9606.ENSP00000296545","9606.ENSP00000317997",187,"9606.ENSP00000296545"
"9606.ENSP00000301825","9606.ENSP00000317997",187,"9606.ENSP00000301825"
"9606.ENSP00000305651","9606.ENSP00000317997",187,"9606.ENSP00000305651"
"9606.ENSP00000317997","9606.ENSP00000352071",187,"9606.ENSP00000352071"
"9606.ENSP00000317997","9606.ENSP00000352936",187,"9606.ENSP00000352936"
"9606.ENSP00000317997","9606.ENSP00000356218",187,"9606.ENSP00000356218"
"9606.ENSP00000317997","9606.ENSP00000364965",187,"9606.ENSP00000364965"
"9606.ENSP00000317997","9606.ENSP00000375778",187,"9606.ENSP00000375778"
"9606.ENSP00000317997","9606.ENSP00000379097",187,"9606.ENSP00000379097"
"9606.ENSP00000317997","9606.ENSP00000439120",187,"9606.ENSP00000439120"
"9606.ENSP00000247461","9606.ENSP00000317997",186,"9606.ENSP00000247461"
"9606.ENSP00000247470","9606.ENSP00000317997",186,"9606.ENSP00000247470"
"9606.ENSP00000295755","9606.ENSP00000317997",186,"9606.ENSP00000295755"
"9606.ENSP00000317997","9606.ENSP00000416606",186,"9606.ENSP00000416606"
"9606.ENSP00000306561","9606.ENSP00000317997",185,"9606.ENSP00000306561"
"9606.ENSP00000317997","9606.ENSP00000357633",185,"9606.ENSP00000357633"
"9606.ENSP00000317997","9606.ENSP00000360250",185,"9606.ENSP00000360250"
"9606.ENSP00000317997","9606.ENSP00000370571",185,"9606.ENSP00000370571"
"9606.ENSP00000317997","9606.ENSP00000380638",185,"9606.ENSP00000380638"
"9606.ENSP00000317997","9606.ENSP00000494061",185,"9606.ENSP00000494061"
"9606.ENSP00000293599","9606.ENSP00000317997",184,"9606.ENSP00000293599"
"9606.ENSP00000317997","9606.ENSP00000354468",184,"9606.ENSP00000354468"
"9606.ENSP00000317997","9606.ENSP00000361383",184,"9606.ENSP00000361383"
"9606.ENSP00000317997","9606.ENSP00000365926",184,"9606.ENSP00000365926"
"9606.ENSP00000317997","9606.ENSP00000483562",184,"9606.ENSP00000483562"
"9606.ENSP00000317997","9606.ENSP00000498939",184,"9606.ENSP00000498939"
"9606.ENSP00000225577","9606.ENSP00000317997",183,"9606.ENSP00000225577"
"9606.ENSP00000282561","9606.ENSP00000317997",183,"9606.ENSP00000282561"
"9606.ENSP00000287936","9606.ENSP00000317997",183,"9606.ENSP00000287936"
"9606.ENSP00000317997","9606.ENSP00000326119",183,"9606.ENSP00000326119"
"9606.ENSP00000317997","9606.ENSP00000347046",183,"9606.ENSP00000347046"
"9606.ENSP00000317997","9606.ENSP00000379140",183,"9606.ENSP00000379140"
"9606.ENSP00000317997","9606.ENSP00000447297",183,"9606.ENSP00000447297"
"9606.ENSP00000317997","9606.ENSP00000449328",183,"9606.ENSP00000449328"
"9606.ENSP00000317997","9606.ENSP00000477848",183,"9606.ENSP00000477848"
"9606.ENSP00000317997","9606.ENSP00000364801",182,"9606.ENSP00000364801"
"9606.ENSP00000307508","9606.ENSP00000317997",181,"9606.ENSP00000307508"
"9606.ENSP00000317997","9606.ENSP00000324960",181,"9606.ENSP00000324960"
"9606.ENSP00000317997","9606.ENSP00000337446",181,"9606.ENSP00000337446"
"9606.ENSP00000317997","9606.ENSP00000361636",181,"9606.ENSP00000361636"
"9606.ENSP00000317997","9606.ENSP00000381247",181,"9606.ENSP00000381247"
"9606.ENSP00000317997","9606.ENSP00000416338",181,"9606.ENSP00000416338"
"9606.ENSP00000259392","9606.ENSP00000317997",180,"9606.ENSP00000259392"
"9606.ENSP00000284818","9606.ENSP00000317997",180,"9606.ENSP00000284818"
"9606.ENSP00000292609","9606.ENSP00000317997",180,"9606.ENSP00000292609"
"9606.ENSP00000317997","9606.ENSP00000325239",180,"9606.ENSP00000325239"
"9606.ENSP00000317997","9606.ENSP00000345571",180,"9606.ENSP00000345571"
"9606.ENSP00000317997","9606.ENSP00000359976",180,"9606.ENSP00000359976"
"9606.ENSP00000317997","9606.ENSP00000459962",180,"9606.ENSP00000459962"
"9606.ENSP00000317997","9606.ENSP00000500990",180,"9606.ENSP00000500990"
"9606.ENSP00000253063","9606.ENSP00000317997",179,"9606.ENSP00000253063"
"9606.ENSP00000293230","9606.ENSP00000317997",179,"9606.ENSP00000293230"
"9606.ENSP00000303211","9606.ENSP00000317997",179,"9606.ENSP00000303211"
"9606.ENSP00000317997","9606.ENSP00000319635",179,"9606.ENSP00000319635"
"9606.ENSP00000317997","9606.ENSP00000363377",179,"9606.ENSP00000363377"
"9606.ENSP00000317997","9606.ENSP00000378487",179,"9606.ENSP00000378487"
"9606.ENSP00000317997","9606.ENSP00000378517",179,"9606.ENSP00000378517"
"9606.ENSP00000317997","9606.ENSP00000396045",179,"9606.ENSP00000396045"
"9606.ENSP00000317997","9606.ENSP00000437041",179,"9606.ENSP00000437041"
"9606.ENSP00000243924","9606.ENSP00000317997",178,"9606.ENSP00000243924"
"9606.ENSP00000252997","9606.ENSP00000317997",178,"9606.ENSP00000252997"
"9606.ENSP00000317997","9606.ENSP00000360797",178,"9606.ENSP00000360797"
"9606.ENSP00000317997","9606.ENSP00000418915",178,"9606.ENSP00000418915"
"9606.ENSP00000286548","9606.ENSP00000317997",177,"9606.ENSP00000286548"
"9606.ENSP00000298159","9606.ENSP00000317997",177,"9606.ENSP00000298159"
"9606.ENSP00000300289","9606.ENSP00000317997",177,"9606.ENSP00000300289"
"9606.ENSP00000317997","9606.ENSP00000357905",177,"9606.ENSP00000357905"
"9606.ENSP00000317997","9606.ENSP00000375682",177,"9606.ENSP00000375682"
"9606.ENSP00000317997","9606.ENSP00000377456",177,"9606.ENSP00000377456"
"9606.ENSP00000317997","9606.ENSP00000381448",177,"9606.ENSP00000381448"
"9606.ENSP00000317997","9606.ENSP00000463559",177,"9606.ENSP00000463559"
"9606.ENSP00000232975","9606.ENSP00000317997",176,"9606.ENSP00000232975"
"9606.ENSP00000306253","9606.ENSP00000317997",176,"9606.ENSP00000306253"
"9606.ENSP00000308938","9606.ENSP00000317997",176,"9606.ENSP00000308938"
"9606.ENSP00000311746","9606.ENSP00000317997",176,"9606.ENSP00000311746"
"9606.ENSP00000317997","9606.ENSP00000339804",176,"9606.ENSP00000339804"
"9606.ENSP00000317997","9606.ENSP00000346437",176,"9606.ENSP00000346437"
"9606.ENSP00000317997","9606.ENSP00000405453",176,"9606.ENSP00000405453"
"9606.ENSP00000206765","9606.ENSP00000317997",175,"9606.ENSP00000206765"
"9606.ENSP00000216144","9606.ENSP00000317997",175,"9606.ENSP00000216144"
"9606.ENSP00000261733","9606.ENSP00000317997",175,"9606.ENSP00000261733"
"9606.ENSP00000275560","9606.ENSP00000317997",175,"9606.ENSP00000275560"
"9606.ENSP00000294288","9606.ENSP00000317997",175,"9606.ENSP00000294288"
"9606.ENSP00000297185","9606.ENSP00000317997",175,"9606.ENSP00000297185"
"9606.ENSP00000317997","9606.ENSP00000335612",175,"9606.ENSP00000335612"
"9606.ENSP00000317997","9606.ENSP00000364476",175,"9606.ENSP00000364476"
"9606.ENSP00000317997","9606.ENSP00000367197",175,"9606.ENSP00000367197"
"9606.ENSP00000317997","9606.ENSP00000380948",175,"9606.ENSP00000380948"
"9606.ENSP00000317997","9606.ENSP00000434717",175,"9606.ENSP00000434717"
"9606.ENSP00000317997","9606.ENSP00000442424",175,"9606.ENSP00000442424"
"9606.ENSP00000317997","9606.ENSP00000463939",175,"9606.ENSP00000463939"
"9606.ENSP00000242104","9606.ENSP00000317997",174,"9606.ENSP00000242104"
"9606.ENSP00000257627","9606.ENSP00000317997",174,"9606.ENSP00000257627"
"9606.ENSP00000265431","9606.ENSP00000317997",174,"9606.ENSP00000265431"
"9606.ENSP00000279022","9606.ENSP00000317997",174,"9606.ENSP00000279022"
"9606.ENSP00000293255","9606.ENSP00000317997",174,"9606.ENSP00000293255"
"9606.ENSP00000310036","9606.ENSP00000317997",174,"9606.ENSP00000310036"
"9606.ENSP00000317310","9606.ENSP00000317997",174,"9606.ENSP00000317310"
"9606.ENSP00000317997","9606.ENSP00000326267",174,"9606.ENSP00000326267"
"9606.ENSP00000317997","9606.ENSP00000344942",174,"9606.ENSP00000344942"
"9606.ENSP00000317997","9606.ENSP00000355480",174,"9606.ENSP00000355480"
"9606.ENSP00000317997","9606.ENSP00000360129",174,"9606.ENSP00000360129"
"9606.ENSP00000317997","9606.ENSP00000378690",174,"9606.ENSP00000378690"
"9606.ENSP00000317997","9606.ENSP00000411821",174,"9606.ENSP00000411821"
"9606.ENSP00000317997","9606.ENSP00000430598",174,"9606.ENSP00000430598"
"9606.ENSP00000317997","9606.ENSP00000483356",174,"9606.ENSP00000483356"
"9606.ENSP00000317997","9606.ENSP00000483825",174,"9606.ENSP00000483825"
"9606.ENSP00000317997","9606.ENSP00000490956",174,"9606.ENSP00000490956"
"9606.ENSP00000261177","9606.ENSP00000317997",173,"9606.ENSP00000261177"
"9606.ENSP00000264938","9606.ENSP00000317997",173,"9606.ENSP00000264938"
"9606.ENSP00000267814","9606.ENSP00000317997",173,"9606.ENSP00000267814"
"9606.ENSP00000299698","9606.ENSP00000317997",173,"9606.ENSP00000299698"
"9606.ENSP00000308430","9606.ENSP00000317997",173,"9606.ENSP00000308430"
"9606.ENSP00000317997","9606.ENSP00000357844",173,"9606.ENSP00000357844"
"9606.ENSP00000317997","9606.ENSP00000369581",173,"9606.ENSP00000369581"
"9606.ENSP00000317997","9606.ENSP00000498476",173,"9606.ENSP00000498476"
"9606.ENSP00000262103","9606.ENSP00000317997",172,"9606.ENSP00000262103"
"9606.ENSP00000317997","9606.ENSP00000351671",172,"9606.ENSP00000351671"
"9606.ENSP00000317997","9606.ENSP00000383303",172,"9606.ENSP00000383303"
"9606.ENSP00000317997","9606.ENSP00000387123",172,"9606.ENSP00000387123"
"9606.ENSP00000317997","9606.ENSP00000389414",172,"9606.ENSP00000389414"
"9606.ENSP00000317997","9606.ENSP00000455897",172,"9606.ENSP00000455897"
"9606.ENSP00000027335","9606.ENSP00000317997",171,"9606.ENSP00000027335"
"9606.ENSP00000219919","9606.ENSP00000317997",171,"9606.ENSP00000219919"
"9606.ENSP00000227163","9606.ENSP00000317997",171,"9606.ENSP00000227163"
"9606.ENSP00000296435","9606.ENSP00000317997",171,"9606.ENSP00000296435"
"9606.ENSP00000302579","9606.ENSP00000317997",171,"9606.ENSP00000302579"
"9606.ENSP00000313921","9606.ENSP00000317997",171,"9606.ENSP00000313921"
"9606.ENSP00000317997","9606.ENSP00000355865",171,"9606.ENSP00000355865"
"9606.ENSP00000317997","9606.ENSP00000360002",171,"9606.ENSP00000360002"
"9606.ENSP00000317997","9606.ENSP00000390265",171,"9606.ENSP00000390265"
"9606.ENSP00000215530","9606.ENSP00000317997",170,"9606.ENSP00000215530"
"9606.ENSP00000252818","9606.ENSP00000317997",170,"9606.ENSP00000252818"
"9606.ENSP00000293217","9606.ENSP00000317997",170,"9606.ENSP00000293217"
"9606.ENSP00000308351","9606.ENSP00000317997",170,"9606.ENSP00000308351"
"9606.ENSP00000317997","9606.ENSP00000341625",170,"9606.ENSP00000341625"
"9606.ENSP00000317997","9606.ENSP00000345681",170,"9606.ENSP00000345681"
"9606.ENSP00000317997","9606.ENSP00000349486",170,"9606.ENSP00000349486"
"9606.ENSP00000317997","9606.ENSP00000356530",170,"9606.ENSP00000356530"
"9606.ENSP00000317997","9606.ENSP00000357448",170,"9606.ENSP00000357448"
"9606.ENSP00000317997","9606.ENSP00000406191",170,"9606.ENSP00000406191"
"9606.ENSP00000270517","9606.ENSP00000317997",169,"9606.ENSP00000270517"
"9606.ENSP00000317997","9606.ENSP00000323856",169,"9606.ENSP00000323856"
"9606.ENSP00000317997","9606.ENSP00000337443",169,"9606.ENSP00000337443"
"9606.ENSP00000317997","9606.ENSP00000340409",169,"9606.ENSP00000340409"
"9606.ENSP00000317997","9606.ENSP00000340913",169,"9606.ENSP00000340913"
"9606.ENSP00000317997","9606.ENSP00000344352",169,"9606.ENSP00000344352"
"9606.ENSP00000317997","9606.ENSP00000442308",169,"9606.ENSP00000442308"
"9606.ENSP00000245907","9606.ENSP00000317997",168,"9606.ENSP00000245907"
"9606.ENSP00000249396","9606.ENSP00000317997",168,"9606.ENSP00000249396"
"9606.ENSP00000317997","9606.ENSP00000331602",168,"9606.ENSP00000331602"
"9606.ENSP00000317997","9606.ENSP00000352414",168,"9606.ENSP00000352414"
"9606.ENSP00000317997","9606.ENSP00000363329",168,"9606.ENSP00000363329"
"9606.ENSP00000317997","9606.ENSP00000398632",168,"9606.ENSP00000398632"
"9606.ENSP00000317997","9606.ENSP00000432660",168,"9606.ENSP00000432660"
"9606.ENSP00000233242","9606.ENSP00000317997",167,"9606.ENSP00000233242"
"9606.ENSP00000309477","9606.ENSP00000317997",167,"9606.ENSP00000309477"
"9606.ENSP00000315011","9606.ENSP00000317997",167,"9606.ENSP00000315011"
"9606.ENSP00000317997","9606.ENSP00000337332",167,"9606.ENSP00000337332"
"9606.ENSP00000317997","9606.ENSP00000351407",167,"9606.ENSP00000351407"
"9606.ENSP00000317997","9606.ENSP00000354932",167,"9606.ENSP00000354932"
"9606.ENSP00000317997","9606.ENSP00000357625",167,"9606.ENSP00000357625"
"9606.ENSP00000317997","9606.ENSP00000357727",167,"9606.ENSP00000357727"
"9606.ENSP00000317997","9606.ENSP00000363079",167,"9606.ENSP00000363079"
"9606.ENSP00000317997","9606.ENSP00000371790",167,"9606.ENSP00000371790"
"9606.ENSP00000317997","9606.ENSP00000381542",167,"9606.ENSP00000381542"
"9606.ENSP00000317997","9606.ENSP00000387211",167,"9606.ENSP00000387211"
"9606.ENSP00000317997","9606.ENSP00000399324",167,"9606.ENSP00000399324"
"9606.ENSP00000180166","9606.ENSP00000317997",166,"9606.ENSP00000180166"
"9606.ENSP00000222982","9606.ENSP00000317997",166,"9606.ENSP00000222982"
"9606.ENSP00000225474","9606.ENSP00000317997",166,"9606.ENSP00000225474"
"9606.ENSP00000263671","9606.ENSP00000317997",166,"9606.ENSP00000263671"
"9606.ENSP00000269394","9606.ENSP00000317997",166,"9606.ENSP00000269394"
"9606.ENSP00000287598","9606.ENSP00000317997",166,"9606.ENSP00000287598"
"9606.ENSP00000293328","9606.ENSP00000317997",166,"9606.ENSP00000293328"
"9606.ENSP00000300113","9606.ENSP00000317997",166,"9606.ENSP00000300113"
"9606.ENSP00000317997","9606.ENSP00000335620",166,"9606.ENSP00000335620"
"9606.ENSP00000317997","9606.ENSP00000374455",166,"9606.ENSP00000374455"
"9606.ENSP00000226193","9606.ENSP00000317997",165,"9606.ENSP00000226193"
"9606.ENSP00000264664","9606.ENSP00000317997",165,"9606.ENSP00000264664"
"9606.ENSP00000295065","9606.ENSP00000317997",165,"9606.ENSP00000295065"
"9606.ENSP00000301263","9606.ENSP00000317997",165,"9606.ENSP00000301263"
"9606.ENSP00000317997","9606.ENSP00000324560",165,"9606.ENSP00000324560"
"9606.ENSP00000317997","9606.ENSP00000341208",165,"9606.ENSP00000341208"
"9606.ENSP00000317997","9606.ENSP00000355890",165,"9606.ENSP00000355890"
"9606.ENSP00000317997","9606.ENSP00000369419",165,"9606.ENSP00000369419"
"9606.ENSP00000317997","9606.ENSP00000393316",165,"9606.ENSP00000393316"
"9606.ENSP00000317997","9606.ENSP00000405573",165,"9606.ENSP00000405573"
"9606.ENSP00000310928","9606.ENSP00000317997",164,"9606.ENSP00000310928"
"9606.ENSP00000317997","9606.ENSP00000327048",164,"9606.ENSP00000327048"
"9606.ENSP00000317997","9606.ENSP00000330341",164,"9606.ENSP00000330341"
"9606.ENSP00000317997","9606.ENSP00000334122",164,"9606.ENSP00000334122"
"9606.ENSP00000317997","9606.ENSP00000351905",164,"9606.ENSP00000351905"
"9606.ENSP00000317997","9606.ENSP00000379256",164,"9606.ENSP00000379256"
"9606.ENSP00000317997","9606.ENSP00000481056",164,"9606.ENSP00000481056"
"9606.ENSP00000225964","9606.ENSP00000317997",163,"9606.ENSP00000225964"
"9606.ENSP00000228841","9606.ENSP00000317997",163,"9606.ENSP00000228841"
"9606.ENSP00000260302","9606.ENSP00000317997",163,"9606.ENSP00000260302"
"9606.ENSP00000272444","9606.ENSP00000317997",163,"9606.ENSP00000272444"
"9606.ENSP00000282486","9606.ENSP00000317997",163,"9606.ENSP00000282486"
"9606.ENSP00000295225","9606.ENSP00000317997",163,"9606.ENSP00000295225"
"9606.ENSP00000295522","9606.ENSP00000317997",163,"9606.ENSP00000295522"
"9606.ENSP00000300061","9606.ENSP00000317997",163,"9606.ENSP00000300061"
"9606.ENSP00000317997","9606.ENSP00000324856",163,"9606.ENSP00000324856"
"9606.ENSP00000317997","9606.ENSP00000327758",163,"9606.ENSP00000327758"
"9606.ENSP00000317997","9606.ENSP00000335632",163,"9606.ENSP00000335632"
"9606.ENSP00000317997","9606.ENSP00000361855",163,"9606.ENSP00000361855"
"9606.ENSP00000317997","9606.ENSP00000362330",163,"9606.ENSP00000362330"
"9606.ENSP00000317997","9606.ENSP00000371587",163,"9606.ENSP00000371587"
"9606.ENSP00000317997","9606.ENSP00000384719",163,"9606.ENSP00000384719"
"9606.ENSP00000317997","9606.ENSP00000414886",163,"9606.ENSP00000414886"
"9606.ENSP00000317997","9606.ENSP00000420040",163,"9606.ENSP00000420040"
"9606.ENSP00000317997","9606.ENSP00000444788",163,"9606.ENSP00000444788"
"9606.ENSP00000317997","9606.ENSP00000467123",163,"9606.ENSP00000467123"
"9606.ENSP00000075120","9606.ENSP00000317997",162,"9606.ENSP00000075120"
"9606.ENSP00000228837","9606.ENSP00000317997",162,"9606.ENSP00000228837"
"9606.ENSP00000252252","9606.ENSP00000317997",162,"9606.ENSP00000252252"
"9606.ENSP00000317997","9606.ENSP00000342931",162,"9606.ENSP00000342931"
"9606.ENSP00000317997","9606.ENSP00000343676",162,"9606.ENSP00000343676"
"9606.ENSP00000317997","9606.ENSP00000359594",162,"9606.ENSP00000359594"
"9606.ENSP00000317997","9606.ENSP00000368190",162,"9606.ENSP00000368190"
"9606.ENSP00000265709","9606.ENSP00000317997",161,"9606.ENSP00000265709"
"9606.ENSP00000269586","9606.ENSP00000317997",161,"9606.ENSP00000269586"
"9606.ENSP00000274625","9606.ENSP00000317997",161,"9606.ENSP00000274625"
"9606.ENSP00000314879","9606.ENSP00000317997",161,"9606.ENSP00000314879"
"9606.ENSP00000317997","9606.ENSP00000321797",161,"9606.ENSP00000321797"
"9606.ENSP00000317997","9606.ENSP00000324648",161,"9606.ENSP00000324648"
"9606.ENSP00000317997","9606.ENSP00000329357",161,"9606.ENSP00000329357"
"9606.ENSP00000317997","9606.ENSP00000353292",161,"9606.ENSP00000353292"
"9606.ENSP00000317997","9606.ENSP00000357459",161,"9606.ENSP00000357459"
"9606.ENSP00000317997","9606.ENSP00000360493",161,"9606.ENSP00000360493"
"9606.ENSP00000317997","9606.ENSP00000383023",161,"9606.ENSP00000383023"
"9606.ENSP00000317997","9606.ENSP00000390637",161,"9606.ENSP00000390637"
"9606.ENSP00000317997","9606.ENSP00000430690",161,"9606.ENSP00000430690"
"9606.ENSP00000317997","9606.ENSP00000471896",161,"9606.ENSP00000471896"
"9606.ENSP00000317997","9606.ENSP00000479889",161,"9606.ENSP00000479889"
"9606.ENSP00000164133","9606.ENSP00000317997",160,"9606.ENSP00000164133"
"9606.ENSP00000223167","9606.ENSP00000317997",160,"9606.ENSP00000223167"
"9606.ENSP00000223364","9606.ENSP00000317997",160,"9606.ENSP00000223364"
"9606.ENSP00000261208","9606.ENSP00000317997",160,"9606.ENSP00000261208"
"9606.ENSP00000286301","9606.ENSP00000317997",160,"9606.ENSP00000286301"
"9606.ENSP00000311697","9606.ENSP00000317997",160,"9606.ENSP00000311697"
"9606.ENSP00000317997","9606.ENSP00000342007",160,"9606.ENSP00000342007"
"9606.ENSP00000317997","9606.ENSP00000390535",160,"9606.ENSP00000390535"
"9606.ENSP00000317997","9606.ENSP00000394794",160,"9606.ENSP00000394794"
"9606.ENSP00000317997","9606.ENSP00000431418",160,"9606.ENSP00000431418"
"9606.ENSP00000317997","9606.ENSP00000464359",160,"9606.ENSP00000464359"
"9606.ENSP00000317997","9606.ENSP00000478305",160,"9606.ENSP00000478305"
"9606.ENSP00000168712","9606.ENSP00000317997",159,"9606.ENSP00000168712"
"9606.ENSP00000252242","9606.ENSP00000317997",159,"9606.ENSP00000252242"
"9606.ENSP00000317997","9606.ENSP00000345344",159,"9606.ENSP00000345344"
"9606.ENSP00000317997","9606.ENSP00000357838",159,"9606.ENSP00000357838"
"9606.ENSP00000317997","9606.ENSP00000361475",159,"9606.ENSP00000361475"
"9606.ENSP00000317997","9606.ENSP00000362413",159,"9606.ENSP00000362413"
"9606.ENSP00000317997","9606.ENSP00000362566",159,"9606.ENSP00000362566"
"9606.ENSP00000317997","9606.ENSP00000363822",159,"9606.ENSP00000363822"
"9606.ENSP00000317997","9606.ENSP00000379472",159,"9606.ENSP00000379472"
"9606.ENSP00000317997","9606.ENSP00000481834",159,"9606.ENSP00000481834"
"9606.ENSP00000317997","9606.ENSP00000483786",159,"9606.ENSP00000483786"
"9606.ENSP00000317997","9606.ENSP00000484669",159,"9606.ENSP00000484669"
"9606.ENSP00000241052","9606.ENSP00000317997",158,"9606.ENSP00000241052"
"9606.ENSP00000261461","9606.ENSP00000317997",158,"9606.ENSP00000261461"
"9606.ENSP00000263321","9606.ENSP00000317997",158,"9606.ENSP00000263321"
"9606.ENSP00000315713","9606.ENSP00000317997",158,"9606.ENSP00000315713"
"9606.ENSP00000317997","9606.ENSP00000325822",158,"9606.ENSP00000325822"
"9606.ENSP00000317997","9606.ENSP00000337641",158,"9606.ENSP00000337641"
"9606.ENSP00000317997","9606.ENSP00000364949",158,"9606.ENSP00000364949"
"9606.ENSP00000317997","9606.ENSP00000376765",158,"9606.ENSP00000376765"
"9606.ENSP00000317997","9606.ENSP00000385757",158,"9606.ENSP00000385757"
"9606.ENSP00000317997","9606.ENSP00000412324",158,"9606.ENSP00000412324"
"9606.ENSP00000317997","9606.ENSP00000417963",158,"9606.ENSP00000417963"
"9606.ENSP00000317997","9606.ENSP00000470538",158,"9606.ENSP00000470538"
"9606.ENSP00000211122","9606.ENSP00000317997",157,"9606.ENSP00000211122"
"9606.ENSP00000317997","9606.ENSP00000324101",157,"9606.ENSP00000324101"
"9606.ENSP00000317997","9606.ENSP00000332454",157,"9606.ENSP00000332454"
"9606.ENSP00000317997","9606.ENSP00000358301",157,"9606.ENSP00000358301"
"9606.ENSP00000317997","9606.ENSP00000361366",157,"9606.ENSP00000361366"
"9606.ENSP00000317997","9606.ENSP00000365256",157,"9606.ENSP00000365256"
"9606.ENSP00000317997","9606.ENSP00000430031",157,"9606.ENSP00000430031"
"9606.ENSP00000317997","9606.ENSP00000447730",157,"9606.ENSP00000447730"
"9606.ENSP00000317997","9606.ENSP00000496129",157,"9606.ENSP00000496129"
"9606.ENSP00000200691","9606.ENSP00000317997",156,"9606.ENSP00000200691"
"9606.ENSP00000205214","9606.ENSP00000317997",156,"9606.ENSP00000205214"
"9606.ENSP00000264246","9606.ENSP00000317997",156,"9606.ENSP00000264246"
"9606.ENSP00000311165","9606.ENSP00000317997",156,"9606.ENSP00000311165"
"9606.ENSP00000317997","9606.ENSP00000497910",156,"9606.ENSP00000497910"
"9606.ENSP00000256383","9606.ENSP00000317997",155,"9606.ENSP00000256383"
"9606.ENSP00000256797","9606.ENSP00000317997",155,"9606.ENSP00000256797"
"9606.ENSP00000260264","9606.ENSP00000317997",155,"9606.ENSP00000260264"
"9606.ENSP00000317997","9606.ENSP00000327801",155,"9606.ENSP00000327801"
"9606.ENSP00000317997","9606.ENSP00000342235",155,"9606.ENSP00000342235"
"9606.ENSP00000317997","9606.ENSP00000356587",155,"9606.ENSP00000356587"
"9606.ENSP00000317997","9606.ENSP00000359596",155,"9606.ENSP00000359596"
"9606.ENSP00000317997","9606.ENSP00000383089",155,"9606.ENSP00000383089"
"9606.ENSP00000317997","9606.ENSP00000431984",155,"9606.ENSP00000431984"
"9606.ENSP00000317997","9606.ENSP00000484403",155,"9606.ENSP00000484403"
"9606.ENSP00000216336","9606.ENSP00000317997",154,"9606.ENSP00000216336"
"9606.ENSP00000284031","9606.ENSP00000317997",154,"9606.ENSP00000284031"
"9606.ENSP00000285737","9606.ENSP00000317997",154,"9606.ENSP00000285737"
"9606.ENSP00000315130","9606.ENSP00000317997",154,"9606.ENSP00000315130"
"9606.ENSP00000315383","9606.ENSP00000317997",154,"9606.ENSP00000315383"
"9606.ENSP00000317997","9606.ENSP00000319052",154,"9606.ENSP00000319052"
"9606.ENSP00000317997","9606.ENSP00000327513",154,"9606.ENSP00000327513"
"9606.ENSP00000317997","9606.ENSP00000341885",154,"9606.ENSP00000341885"
"9606.ENSP00000317997","9606.ENSP00000342082",154,"9606.ENSP00000342082"
"9606.ENSP00000317997","9606.ENSP00000343244",154,"9606.ENSP00000343244"
"9606.ENSP00000317997","9606.ENSP00000352420",154,"9606.ENSP00000352420"
"9606.ENSP00000317997","9606.ENSP00000353826",154,"9606.ENSP00000353826"
"9606.ENSP00000317997","9606.ENSP00000357283",154,"9606.ENSP00000357283"
"9606.ENSP00000317997","9606.ENSP00000359300",154,"9606.ENSP00000359300"
"9606.ENSP00000317997","9606.ENSP00000376197",154,"9606.ENSP00000376197"
"9606.ENSP00000317997","9606.ENSP00000385478",154,"9606.ENSP00000385478"
"9606.ENSP00000317997","9606.ENSP00000393978",154,"9606.ENSP00000393978"
"9606.ENSP00000317997","9606.ENSP00000419970",154,"9606.ENSP00000419970"
"9606.ENSP00000317997","9606.ENSP00000428259",154,"9606.ENSP00000428259"
"9606.ENSP00000317997","9606.ENSP00000473047",154,"9606.ENSP00000473047"
"9606.ENSP00000317997","9606.ENSP00000483570",154,"9606.ENSP00000483570"
"9606.ENSP00000221515","9606.ENSP00000317997",153,"9606.ENSP00000221515"
"9606.ENSP00000221730","9606.ENSP00000317997",153,"9606.ENSP00000221730"
"9606.ENSP00000241337","9606.ENSP00000317997",153,"9606.ENSP00000241337"
"9606.ENSP00000260227","9606.ENSP00000317997",153,"9606.ENSP00000260227"
"9606.ENSP00000317997","9606.ENSP00000350195",153,"9606.ENSP00000350195"
"9606.ENSP00000317997","9606.ENSP00000353475",153,"9606.ENSP00000353475"
"9606.ENSP00000317997","9606.ENSP00000354612",153,"9606.ENSP00000354612"
"9606.ENSP00000317997","9606.ENSP00000354901",153,"9606.ENSP00000354901"
"9606.ENSP00000317997","9606.ENSP00000357927",153,"9606.ENSP00000357927"
"9606.ENSP00000317997","9606.ENSP00000360532",153,"9606.ENSP00000360532"
"9606.ENSP00000317997","9606.ENSP00000375873",153,"9606.ENSP00000375873"
"9606.ENSP00000317997","9606.ENSP00000384849",153,"9606.ENSP00000384849"
"9606.ENSP00000317997","9606.ENSP00000431885",153,"9606.ENSP00000431885"
"9606.ENSP00000317997","9606.ENSP00000434024",153,"9606.ENSP00000434024"
"9606.ENSP00000317997","9606.ENSP00000478941",153,"9606.ENSP00000478941"
"9606.ENSP00000053469","9606.ENSP00000317997",152,"9606.ENSP00000053469"
"9606.ENSP00000262158","9606.ENSP00000317997",152,"9606.ENSP00000262158"
"9606.ENSP00000267101","9606.ENSP00000317997",152,"9606.ENSP00000267101"
"9606.ENSP00000306397","9606.ENSP00000317997",152,"9606.ENSP00000306397"
"9606.ENSP00000310219","9606.ENSP00000317997",152,"9606.ENSP00000310219"
"9606.ENSP00000316845","9606.ENSP00000317997",152,"9606.ENSP00000316845"
"9606.ENSP00000317997","9606.ENSP00000323929",152,"9606.ENSP00000323929"
"9606.ENSP00000317997","9606.ENSP00000331897",152,"9606.ENSP00000331897"
"9606.ENSP00000317997","9606.ENSP00000335357",152,"9606.ENSP00000335357"
"9606.ENSP00000317997","9606.ENSP00000366109",152,"9606.ENSP00000366109"
"9606.ENSP00000301463","9606.ENSP00000317997",151,"9606.ENSP00000301463"
"9606.ENSP00000317997","9606.ENSP00000351059",151,"9606.ENSP00000351059"
"9606.ENSP00000317997","9606.ENSP00000354314",151,"9606.ENSP00000354314"
"9606.ENSP00000317997","9606.ENSP00000367177",151,"9606.ENSP00000367177"
"9606.ENSP00000317997","9606.ENSP00000373370",151,"9606.ENSP00000373370"
"9606.ENSP00000317997","9606.ENSP00000375892",151,"9606.ENSP00000375892"
"9606.ENSP00000317997","9606.ENSP00000384564",151,"9606.ENSP00000384564"
"9606.ENSP00000317997","9606.ENSP00000385428",151,"9606.ENSP00000385428"
"9606.ENSP00000317997","9606.ENSP00000403644",151,"9606.ENSP00000403644"
"9606.ENSP00000317997","9606.ENSP00000413405",151,"9606.ENSP00000413405"
"9606.ENSP00000317997","9606.ENSP00000417898",151,"9606.ENSP00000417898"
"9606.ENSP00000280772","9606.ENSP00000317997",150,"9606.ENSP00000280772"
"9606.ENSP00000283752","9606.ENSP00000317997",150,"9606.ENSP00000283752"
"9606.ENSP00000288861","9606.ENSP00000317997",150,"9606.ENSP00000288861"
"9606.ENSP00000317997","9606.ENSP00000352039",150,"9606.ENSP00000352039"
"9606.ENSP00000317997","9606.ENSP00000358548",150,"9606.ENSP00000358548"
"9606.ENSP00000317997","9606.ENSP00000359526",150,"9606.ENSP00000359526"
"9606.ENSP00000317997","9606.ENSP00000366682",150,"9606.ENSP00000366682"
"9606.ENSP00000317997","9606.ENSP00000370989",150,"9606.ENSP00000370989"
"9606.ENSP00000317997","9606.ENSP00000398722",150,"9606.ENSP00000398722"
"9606.ENSP00000317997","9606.ENSP00000401980",150,"9606.ENSP00000401980"
